Province,Std
Saskatchewan,377265.5758962978
Ontario,266435.3172685106
Alberta,266063.191823783
Manitoba,122403.87103708737
Quebec,111411.10436984978
New Brunswick,22019.494316140477
Nova Scotia,19879.25375929235
British Columbia,14945.664171395796
P.E.I.,11355.747559447125
